"","season","player_id","offense","receiving"
"1",2020,22417,70.6,62.3
"2",2021,22417,70.4,68.2
"3",2020,22869,59.2,54.4
"4",2021,22869,59.9,58.1
"5",2020,23498,69.4,71.1
"6",2021,23498,68.6,70
"7",2020,28983,54.9,55.3
"8",2021,28983,64.6,64.8
"9",2020,38411,66,63.9
"10",2021,38411,62,62.9
"11",2020,38547,62.6,64.6
"12",2021,38547,61.9,61.1
"13",2020,39903,56.1,60.2
"14",2021,39903,56.1,52.3
"15",2020,39914,62.8,61.9
"16",2021,39914,60.5,59.4
"17",2020,39917,62.8,64.2
"18",2022,39917,66.4,66.2
"19",2020,39948,61.7,61.3
"20",2021,39948,63.6,63.2
"21",2020,40152,63.3,62
"22",2021,40152,56.6,53.6
"23",2022,40152,54.6,55.3
"24",2020,40202,61.9,60.2
"25",2021,40202,75.3,72
"26",2020,40215,56.8,55
"27",2021,40215,61.1,62.7
"28",2020,40225,50.2,49.7
"29",2021,40225,71.7,74.1
"30",2021,40336,62.1,60.5
"31",2022,40336,59.3,58.3
"32",2020,40371,54.2,53.2
"33",2021,40371,59.6,59.2
"34",2021,40384,53.5,51.3
"35",2020,40509,70.2,69.4
"36",2021,40509,47.9,46.5
"37",2020,40666,63.5,64.9
"38",2021,40666,65,62.6
"39",2020,40668,63.9,62
"40",2021,40668,59.4,65.5
"41",2020,40691,65.6,66.5
"42",2021,40691,75.7,77.4
"43",2021,40782,63.3,63.4
"44",2022,40782,67.5,68.5
"45",2020,40901,55.9,52.4
"46",2021,40901,50.5,53.1
"47",2022,40901,57.5,57.8
"48",2020,40906,65.2,67.5
"49",2021,40906,44.1,47.9
"50",2022,40906,56.6,55.6
"51",2020,41034,62.3,61.9
"52",2021,41034,49,54.3
"53",2020,41928,54.6,54.4
"54",2021,41928,60.5,62.3
"55",2020,41966,58,57.6
"56",2021,41966,62.9,62.5
"57",2022,41966,66.3,69
"58",2021,41998,62.1,63.4
"59",2020,42008,64.7,64.3
"60",2021,42008,53.8,53
"61",2020,42095,58,59.1
"62",2021,42095,59,57.3
"63",2020,42146,66.2,65.9
"64",2021,42146,72.7,73.6
"65",2020,42150,49.4,52.2
"66",2021,42150,53.2,53.9
"67",2020,42151,58.7,60.4
"68",2021,42151,78.4,81.3
"69",2020,42334,60,60.2
"70",2021,42334,67,66.7
"71",2020,43380,59.8,58.2
"72",2021,43380,65.8,63.7
"73",2020,46511,62.5,28.7
"74",2020,47610,79.4,79.2
"75",2021,47610,57.1,57.7
"76",2020,47676,55.5,58.6
"77",2021,47676,51.8,51.3
"78",2020,47706,77.5,76.7
"79",2020,47863,56.6,56.4
"80",2021,47863,49.8,49
"81",2020,52125,57.1,57.2
"82",2021,52125,66.1,66.5
"83",2022,52125,72.2,71.6
"84",2020,52300,37.8,40.7
"85",2021,52300,57,55.7
"86",2022,52300,63.5,62.9
"87",2020,52319,61.9,59.9
"88",2021,52319,60.6,60.7
"89",2022,52319,57.7,57.5
"90",2020,54425,67.3,55.2
"91",2021,54425,57.3,58.9
"92",2020,54997,78,80.7
"93",2021,54997,70.2,70.9
"94",2020,55038,66.2,53.4
"95",2021,55038,64.6,66.6
"96",2022,55038,81.6,83.8
"97",2020,55059,57.6,57.1
"98",2022,55059,65.6,65.5
"99",2020,55091,44.3,44.6
"100",2022,55091,62.7,62.2
"101",2021,55244,66.7,60
"102",2022,55244,55.9,56.1
"103",2020,55283,82.5,84.3
"104",2021,55283,79.5,79.3
"105",2020,55409,66.1,64.1
"106",2021,55409,75.1,77.5
"107",2022,55409,68.5,63.5
"108",2020,55906,55.8,55.8
"109",2021,55906,62.7,62.7
"110",2022,55906,75.1,76
"111",2022,56250,53.2,53.8
"112",2020,57246,60.2,67.3
"113",2021,57246,66.7,55.9
"114",2022,57246,71.6,70
"115",2020,60402,49.4,57.8
"116",2021,60402,58.9,61.8
"117",2022,60402,77.8,82.9
"118",2021,60414,67.7,59.3
"119",2021,60416,55.9,56.6
"120",2020,60558,56,56.7
"121",2022,60558,54.9,56.3
"122",2020,60827,52.4,58.5
"123",2021,60827,63.3,61.3
"124",2022,60827,57.7,64
"125",2020,61099,59.5,58.8
"126",2021,61099,64.9,65.3
"127",2020,61107,56.4,56.9
"128",2021,61107,58.8,56.5
"129",2022,61107,67,66.7
"130",2020,61133,58.4,56.9
"131",2021,61133,53.1,52.2
"132",2022,61133,59.7,61.6
"133",2020,61166,67.3,67.1
"134",2021,61166,64.4,64.8
"135",2022,61166,51.9,50.4
"136",2020,61173,67,66.3
"137",2021,61173,63.8,62.5
"138",2022,61173,56.8,58.3
"139",2020,61216,61.1,59
"140",2021,61216,56.7,56.7
"141",2020,61222,53.7,53
"142",2021,61222,57.6,57.5
"143",2020,61237,66.8,66.1
"144",2021,61237,74.1,74.8
"145",2022,61237,69.3,68.6
"146",2020,61271,54.9,54.2
"147",2021,61271,80.2,79.7
"148",2022,61271,69.6,72.3
"149",2020,61272,50.6,56.2
"150",2021,61272,45.6,46.2
"151",2022,61272,55.3,55.7
"152",2020,61275,56.1,56.3
"153",2022,61275,62.7,61.1
"154",2020,61276,65.9,65
"155",2021,61276,59.8,58.3
"156",2020,61289,53.2,52.5
"157",2021,61289,56.6,55.5
"158",2022,61289,68.7,68.5
"159",2020,61291,60.3,60.2
"160",2021,61291,51.5,49.6
"161",2022,61291,62.4,62.2
"162",2020,61310,56.6,55.9
"163",2021,61310,65.7,64.3
"164",2022,61310,70.7,71.5
"165",2020,61328,65,66.3
"166",2021,61328,69.4,70.5
"167",2022,61328,52.7,50.8
"168",2020,61330,59.6,59.6
"169",2022,61330,45.8,44.6
"170",2020,61337,54,52.7
"171",2022,61337,57,58.8
"172",2020,61342,55.9,53.6
"173",2021,61342,69.8,70.2
"174",2022,61342,59,58.6
"175",2020,61350,58.2,55.3
"176",2021,61350,55.6,55
"177",2020,61360,56.3,56.2
"178",2021,61360,56.3,55.4
"179",2022,61360,56.6,55.5
"180",2020,61362,52.7,54.8
"181",2022,61362,64.4,66
"182",2020,61384,65,63.8
"183",2022,61384,67.4,71.2
"184",2020,61394,54.7,52
"185",2021,61394,64.2,62.5
"186",2022,61394,72.4,74.7
"187",2020,61395,65.5,65.7
"188",2022,61395,52.8,51.1
"189",2021,61404,67.4,68.3
"190",2022,61404,59.7,61.5
"191",2020,61410,53.1,53.8
"192",2021,61410,63.7,63.4
"193",2022,61410,69.5,68.5
"194",2020,61413,64.5,63.9
"195",2021,61413,62.7,64.3
"196",2022,61413,64.1,63.6
"197",2022,61447,48.1,48.4
"198",2020,61494,50.3,48.6
"199",2021,61494,65.3,63
"200",2022,61494,66.4,67
"201",2022,61500,79.6,87.7
"202",2020,61501,74.5,73.2
"203",2021,61501,65,66.7
"204",2022,61501,83,83.6
"205",2020,61509,59.6,59.5
"206",2021,61509,42.4,44.9
"207",2020,61513,70.6,68
"208",2021,61513,56.6,57.3
"209",2022,61513,61.7,61.4
"210",2020,61526,57.8,59.4
"211",2021,61526,64.8,65.9
"212",2022,61526,55.1,55.9
"213",2020,61528,66.1,68.9
"214",2021,61528,72.4,67.3
"215",2022,61528,78.8,80.2
"216",2021,61535,72.4,65.4
"217",2022,61535,54.4,53.4
"218",2020,61540,53.9,52.9
"219",2021,61540,45.9,46.6
"220",2022,61540,47.7,48.9
"221",2020,61544,72.6,68.5
"222",2021,61544,66.5,67.6
"223",2020,61555,61.7,68.1
"224",2021,61555,56.5,57.5
"225",2022,61555,56,57.2
"226",2020,61569,59.9,57.9
"227",2021,61569,77.5,78.8
"228",2021,61584,58,59.3
"229",2022,61584,67.9,68.7
"230",2022,61593,53.9,52.7
"231",2020,61594,54.4,56.3
"232",2021,61594,51.1,50.8
"233",2022,61594,64.1,63.5
"234",2020,61601,56.1,56.2
"235",2021,61601,50.2,51.8
"236",2022,61601,54.1,53.8
"237",2020,61631,62.8,66.1
"238",2022,61631,62.3,61.3
"239",2021,61646,57.4,56.9
"240",2022,61646,56.1,55.5
"241",2020,61671,63.5,61.1
"242",2021,61671,54.6,52.5
"243",2022,61671,62.5,63.4
"244",2020,61686,56,58
"245",2021,61686,55.5,59.8
"246",2020,61692,56.2,55.5
"247",2021,61692,68.6,67.9
"248",2020,61705,69.6,70.4
"249",2021,61705,57.7,58.9
"250",2022,61705,53.2,53.1
"251",2021,61716,43.4,44.1
"252",2022,61716,56.1,56.7
"253",2020,61777,65.5,65.1
"254",2021,61777,53,49.8
"255",2022,61777,71.2,69.6
"256",2020,61793,52,51.4
"257",2021,61793,46.9,46.8
"258",2022,61793,67.8,68.7
"259",2020,61804,68.1,61.8
"260",2021,61804,65.2,64.7
"261",2022,61804,63.1,60
"262",2020,61806,70.3,69.2
"263",2021,61806,57.7,57.2
"264",2022,61806,49.7,51.7
"265",2020,61807,58.5,59.3
"266",2021,61807,57.5,58.6
"267",2022,61807,46.6,46.8
"268",2020,61825,64.8,64.8
"269",2021,61825,70,70.3
"270",2022,61825,58.5,57.4
"271",2020,61842,64.8,62.6
"272",2021,61842,68.3,70.9
"273",2020,62988,61.1,61.4
"274",2021,62988,69.7,70.4
"275",2022,62988,72.6,72.5
"276",2020,63079,62.2,61.6
"277",2022,63079,57.4,57.5
"278",2022,63645,48.5,63.7
"279",2021,63661,54.9,53.7
"280",2022,63661,69.1,68.1
"281",2020,63672,57,56.7
"282",2021,63672,53.8,53.2
"283",2021,63706,57.3,56.2
"284",2022,63706,57.6,57.6
"285",2021,63709,79,73.9
"286",2022,63709,55.4,56.1
"287",2020,64309,74.5,72.4
"288",2021,64309,62,62.7
"289",2020,66724,55.2,55.5
"290",2022,66724,66.4,67.5
"291",2020,70363,54.5,54.5
"292",2022,70363,70.2,68
"293",2020,71345,64.9,64.9
"294",2022,71345,67,65.8
"295",2020,71385,54,54.7
"296",2021,71385,55.2,57
"297",2020,72158,70.1,71
"298",2021,72158,78.8,81.7
"299",2022,72158,66.8,69.2
"300",2020,74267,54.4,54.1
"301",2021,74267,60.7,62.4
"302",2022,74267,57.4,61.8
"303",2020,74298,62.3,62.4
"304",2021,74298,65.4,65.4
"305",2022,74298,64.2,63
"306",2020,74501,54.9,48.4
"307",2021,74501,52,54.4
"308",2022,74501,65.1,64.7
"309",2020,75926,63.2,65.1
"310",2021,75926,69.5,70
"311",2020,75945,60.3,61.7
"312",2021,75945,75.6,76.1
"313",2022,75945,64.3,66.6
"314",2020,75967,67.2,65.9
"315",2021,75967,66.9,67.2
"316",2022,75967,61.9,61.4
"317",2020,76366,64.9,64.7
"318",2021,76366,63.7,57.9
"319",2022,76366,82.3,82
"320",2021,76718,58.5,59.3
"321",2022,76718,50.3,48.6
"322",2020,77742,68.1,62.9
"323",2021,77742,79,85
"324",2022,77742,67,68.5
"325",2020,77951,58.6,56.6
"326",2021,77951,58.2,58.6
"327",2022,77951,49.1,52.9
"328",2020,77953,57.9,58.7
"329",2021,77953,56.2,57.7
"330",2022,77953,52.1,54.8
"331",2020,77955,52.3,51
"332",2021,77955,59.2,61.8
"333",2022,77955,71.6,71.6
"334",2020,77956,49.6,52.3
"335",2021,77956,68.3,66
"336",2022,77956,52.5,53.2
"337",2020,77960,59.6,59.3
"338",2021,77960,54.2,55.5
"339",2022,77960,72,73.5
"340",2020,77969,50.1,57.6
"341",2021,77969,70.4,70.9
"342",2022,77969,60.3,61
"343",2020,77970,70.9,71.7
"344",2021,77970,68.3,69.9
"345",2022,77970,67.7,66.4
"346",2020,77971,74.6,76.1
"347",2021,77971,50.1,48.2
"348",2022,77971,58.5,58.7
"349",2022,77972,57.5,58.6
"350",2020,77996,62.3,61.3
"351",2021,77996,67,68.7
"352",2022,77996,54.8,55.3
"353",2020,77997,68,68.1
"354",2021,77997,78.6,78.9
"355",2022,77997,82.1,82.9
"356",2020,77998,61.4,62.7
"357",2021,77998,57.4,55.6
"358",2022,77998,69.2,68.1
"359",2020,78014,58,57.3
"360",2022,78014,58.4,58.2
"361",2020,78016,56,54
"362",2021,78016,55.5,54.2
"363",2022,78016,61.9,61.8
"364",2020,78017,62.4,64.4
"365",2021,78017,55.1,55.1
"366",2022,78017,49.7,48.5
"367",2020,78030,60.3,60.8
"368",2021,78030,68.2,66.7
"369",2022,78030,67.4,68.3
"370",2022,78039,50.5,55.2
"371",2020,78041,60.6,58.5
"372",2021,78041,72.5,72.7
"373",2022,78041,72.4,71.8
"374",2020,78042,62.7,61.5
"375",2021,78042,82.8,83.3
"376",2022,78042,72.6,72.9
"377",2020,78051,58.5,55.9
"378",2022,78051,45,51.8
"379",2020,78061,58,57.1
"380",2021,78061,59.5,59.4
"381",2022,78061,56.9,56.4
"382",2021,78069,57.5,56.2
"383",2022,78069,60.5,57.5
"384",2020,78081,58.7,59.6
"385",2021,78081,52.1,51.5
"386",2020,78085,64.9,65.9
"387",2021,78085,72.1,72.9
"388",2022,78085,58.3,54.7
"389",2020,78108,49.3,49.3
"390",2021,78108,63.7,62.3
"391",2022,78108,68.3,67.5
"392",2020,78109,52,51.5
"393",2021,78109,67,67
"394",2022,78109,58.3,59.4
"395",2021,78110,56.5,59.3
"396",2022,78110,52.3,53
"397",2020,78120,56.4,55.5
"398",2021,78120,56.5,55.4
"399",2022,78120,67.9,68.4
"400",2020,78128,57.5,59.2
"401",2021,78128,63.2,63
"402",2022,78128,59.5,60
"403",2020,78136,78.7,77.5
"404",2021,78136,75.8,74.8
"405",2020,78139,57.7,55.6
"406",2021,78139,61.3,59.1
"407",2022,78145,62.3,63.3
"408",2020,78146,78.1,79.1
"409",2021,78146,67.2,67.3
"410",2022,78146,67.5,67.7
"411",2022,78150,70.8,71.1
"412",2020,78155,59.4,59.1
"413",2021,78155,60.2,59.8
"414",2022,78155,64.4,65.4
"415",2021,78156,67.8,75
"416",2020,78159,71.9,70.9
"417",2021,78159,59.3,58.6
"418",2022,78159,52.5,52.8
"419",2021,78175,61,60.8
"420",2022,78175,58.4,58.3
"421",2020,78198,59.4,63.3
"422",2021,78198,60.7,60.3
"423",2022,78198,72,72.1
"424",2020,78199,78.2,74.4
"425",2021,78199,67.6,67.3
"426",2022,78199,71.3,73.2
"427",2020,78200,63,62.6
"428",2021,78200,66.4,66.2
"429",2022,78200,59.6,58.3
"430",2020,78211,59.3,51.1
"431",2021,78211,72.1,73.4
"432",2022,78211,50.8,49.8
"433",2021,78521,61.6,61.9
"434",2022,78521,58.8,58.6
"435",2020,78545,76.8,60.7
"436",2021,78545,61.7,58.2
"437",2022,78545,50.9,52.7
"438",2020,78687,57.9,59.3
"439",2021,78687,54.7,54.4
"440",2022,78723,57.8,56.7
"441",2020,78741,55,53.7
"442",2021,78741,58.8,57.5
"443",2022,78741,44.3,45.1
"444",2020,78779,80,79
"445",2021,78779,71.9,73.5
"446",2022,78779,69,67
"447",2020,78784,54.9,54.8
"448",2021,78784,56.5,57.7
"449",2020,78795,54.3,57.4
"450",2021,78795,49.7,52.4
"451",2022,78795,59.2,59.7
"452",2020,78807,63.8,62.5
"453",2021,78807,59.6,55.2
"454",2020,78821,69.8,70.3
"455",2021,78821,59.2,58.4
"456",2022,78821,72.9,71.1
"457",2020,78884,68.8,69.7
"458",2021,78884,57.6,58.4
"459",2022,78884,80.8,74.9
"460",2020,78894,56.4,55.8
"461",2021,78894,62,61.8
"462",2022,78894,58.9,60
"463",2021,78915,52.3,51.9
"464",2020,78970,50.1,51.4
"465",2022,78970,53,51.9
"466",2020,78984,83.1,83.7
"467",2021,78984,69.5,71.2
"468",2022,78984,74.3,75.7
"469",2020,83710,65.8,81.7
"470",2020,83810,66.9,69.6
"471",2021,83810,56.1,58.2
"472",2022,83810,58.2,58.5
"473",2020,84010,50.1,49.8
"474",2021,84010,51.5,49
"475",2022,84010,61.6,60.6
"476",2020,84087,62.3,59.7
"477",2022,84087,52.7,52.5
"478",2020,84110,64.6,54.2
"479",2021,84110,60.1,59.6
"480",2020,84112,59.3,63.2
"481",2021,84112,65.4,64.9
"482",2022,84112,70.1,71.1
"483",2020,84117,68,68.6
"484",2021,84117,70.4,70.2
"485",2020,84125,63.7,62.4
"486",2021,84125,61,61
"487",2022,84125,66.7,66.5
"488",2020,84141,47.8,53.9
"489",2021,84141,56.4,55.3
"490",2022,84141,59,57.8
"491",2020,84150,56.4,58.7
"492",2021,84150,62.7,63.4
"493",2022,84150,77.4,78.5
"494",2021,84158,54.4,54.5
"495",2022,84158,67.5,68.4
"496",2020,84163,58,56.3
"497",2020,84176,56.4,58.8
"498",2021,84176,64.6,64.4
"499",2022,84176,71.5,71.3
"500",2021,84180,54.7,54.6
"501",2022,84180,76.9,74.3
"502",2020,84191,50.9,52.4
"503",2021,84191,57.4,54.9
"504",2022,84191,62.8,62.3
"505",2020,84196,71.4,70.2
"506",2021,84196,61.1,60.7
"507",2022,84196,77.4,78.1
"508",2020,84197,78.7,79.4
"509",2021,84197,65.8,65.6
"510",2022,84197,72.5,73.3
"511",2020,84215,55.4,55.2
"512",2021,84215,54.4,50.5
"513",2022,84215,54,54.3
"514",2020,84220,59.8,61.9
"515",2021,84220,52,53.7
"516",2022,84220,49,48.6
"517",2020,84224,59.5,60.2
"518",2021,84224,57.6,57.3
"519",2022,84224,60.4,59.1
"520",2020,84225,72.2,69.2
"521",2021,84225,54.1,54.7
"522",2022,84225,57.5,56.7
"523",2020,84226,63.8,64.5
"524",2021,84226,51.8,49.4
"525",2022,84226,63.5,57.8
"526",2020,84245,62,59.4
"527",2021,84245,48.4,49.3
"528",2020,84247,64.7,64.5
"529",2021,84247,61.7,61.4
"530",2022,84247,60,59.5
"531",2020,84248,52.5,51.2
"532",2021,84248,69.3,70
"533",2022,84248,77.7,76.6
"534",2020,84269,60,60.8
"535",2021,84269,59.4,59.3
"536",2022,84269,62.3,61.9
"537",2020,84278,68.7,67.9
"538",2021,84278,43.1,54
"539",2020,84285,59.4,57.5
"540",2021,84285,61.3,62.1
"541",2022,84285,72.5,73.5
"542",2020,84286,53.3,52.3
"543",2021,84286,62.1,60.7
"544",2022,84286,61,59
"545",2020,84300,53.7,52.9
"546",2021,84300,59.9,59.9
"547",2022,84300,51.1,55.4
"548",2020,84310,52.5,52.2
"549",2022,84310,54.3,53.8
"550",2020,84312,44.9,46
"551",2022,84312,77.1,80.5
"552",2020,84314,69.8,68.5
"553",2022,84314,56.4,55.2
"554",2020,84316,55.9,56
"555",2021,84316,60.2,60
"556",2022,84316,60.1,57
"557",2020,84317,69.7,68.6
"558",2021,84317,63.5,66.1
"559",2020,84332,55.3,54.5
"560",2021,84332,64.4,62.1
"561",2022,84332,54.9,55.4
"562",2020,84335,60.2,59.4
"563",2021,84335,58.2,61.7
"564",2022,84342,57,58
"565",2020,84346,62.4,62
"566",2021,84346,55,56
"567",2022,84346,77.5,74.2
"568",2021,84352,60.4,60.5
"569",2021,84358,58.1,57.7
"570",2022,84358,52.3,52.3
"571",2021,84359,59.1,59.4
"572",2022,84359,60.3,60.4
"573",2021,84362,57.6,58.4
"574",2022,84362,54.9,54.9
"575",2020,84378,53.9,54.2
"576",2021,84378,57.5,57.9
"577",2022,84378,67,67.7
"578",2020,84380,49.3,49.2
"579",2021,84380,61,65
"580",2022,84380,75.4,79.6
"581",2020,84391,52.5,55.9
"582",2021,84391,58.9,57.5
"583",2022,84391,59.9,58.8
"584",2020,84394,53.3,53.3
"585",2021,84394,59.5,61.4
"586",2022,84394,58.4,56.4
"587",2020,84397,64.7,63.2
"588",2021,84397,51.1,51.6
"589",2022,84397,75,76.2
"590",2021,84410,57.6,57.3
"591",2022,84410,60.7,60.2
"592",2020,84427,61.8,63.3
"593",2021,84427,63.1,62.2
"594",2020,84441,68,68.7
"595",2021,84441,67.5,67.7
"596",2022,84441,72.4,72.1
"597",2020,84443,69.4,69.5
"598",2021,84443,78.1,77.9
"599",2022,84443,73.8,75.4
"600",2020,84465,55.4,53.6
"601",2021,84465,54.1,52.8
"602",2022,84465,64.2,67.3
"603",2020,84468,46.7,48.6
"604",2022,84468,68,67.5
"605",2020,84481,64.8,64.3
"606",2022,84481,61.9,64.6
"607",2020,84497,74.6,76
"608",2021,84497,58,58
"609",2022,84497,58.9,58.6
"610",2020,84499,71.3,68.8
"611",2021,84499,63.1,62.1
"612",2022,84499,59.4,58.2
"613",2020,84502,55.4,56.3
"614",2021,84502,64.2,64.3
"615",2022,84502,61.6,61.5
"616",2020,84520,49.6,50.8
"617",2021,84520,59.5,58.6
"618",2022,84520,58.1,57.5
"619",2020,84529,53.7,52.9
"620",2021,84529,71.5,71.8
"621",2022,84529,50.5,49.2
"622",2020,86854,66,78.3
"623",2021,86854,87.7,75.3
"624",2022,86854,72.4,76.6
"625",2020,86859,59.5,57.2
"626",2021,86859,54.6,55.1
"627",2022,86859,56,56
"628",2022,87522,62.2,61.8
"629",2020,87529,67.3,65.1
"630",2021,87529,52.5,50.8
"631",2022,87529,55.4,56.8
"632",2020,87665,65.3,64
"633",2021,87665,78.7,77.9
"634",2022,87665,78.5,77.1
"635",2020,87699,52.3,53.5
"636",2021,87699,74.3,76.2
"637",2021,88315,64.5,64.3
"638",2022,88315,80.5,81.9
"639",2020,88318,67.3,67
"640",2021,88318,72.3,72.5
"641",2022,88318,65.7,67
"642",2021,88707,80.6,81.2
"643",2022,88707,54.9,55.4
"644",2020,88723,65,64.6
"645",2021,88723,57.8,55.1
"646",2020,88745,53.6,53.4
"647",2021,88745,72,75.9
"648",2022,88745,74.6,76.3
"649",2020,89497,75,75.5
"650",2021,89497,64.8,64.9
"651",2022,89497,61.6,66.8
"652",2020,89507,57.6,56.9
"653",2021,89507,79.6,79.2
"654",2022,89507,85.3,86.4
"655",2020,89525,46.5,47.1
"656",2021,89525,66.5,69.5
"657",2022,89525,60.5,60.4
"658",2020,89528,71.3,72.4
"659",2021,89528,60.1,61.9
"660",2022,89528,67.5,67.9
"661",2020,91115,70.8,71
"662",2021,91115,64.8,65.9
"663",2022,91115,75.6,77.1
"664",2021,91441,69.2,59.3
"665",2022,91441,51,50
"666",2020,91447,63.7,63.3
"667",2021,91447,71.6,73.2
"668",2022,91447,58.9,57.5
"669",2021,91814,61.8,62.4
"670",2021,91818,56.5,55.4
"671",2022,91818,42.9,47.6
"672",2020,91826,75.9,72.7
"673",2021,91826,59.6,56.9
"674",2020,97095,68.9,67.5
"675",2021,97095,53.2,55.1
"676",2020,97111,54.4,53.2
"677",2021,97111,66.3,65.7
"678",2022,97111,59.3,60.8
"679",2020,97164,60.3,59.7
"680",2021,97164,61.1,61
"681",2022,97164,55.6,54.9
"682",2021,97169,55.8,55.9
"683",2022,97169,52.3,46.7
"684",2020,97181,63.5,63.3
"685",2021,97181,52.4,53
"686",2022,97181,63.4,62
"687",2020,97215,63.2,62.7
"688",2021,97215,71.9,74
"689",2022,97215,52,53.5
"690",2020,97270,68,68.1
"691",2021,97270,55.3,55.8
"692",2022,97270,68.4,70.8
"693",2020,97287,83.8,87
"694",2021,97287,63.9,64.7
"695",2022,97287,57,57
"696",2020,97288,64.4,64.3
"697",2021,97288,67,67.7
"698",2022,97288,74.1,77
"699",2020,97293,56.1,56.6
"700",2021,97293,56.6,56.8
"701",2020,97398,59.2,60.8
"702",2021,97398,46,46.2
"703",2022,97398,50.3,50.1
"704",2020,97402,67.1,67.1
"705",2021,97402,66.4,66.7
"706",2022,97402,64.1,63.8
"707",2020,97422,57.2,58
"708",2021,97422,48,49
"709",2022,97422,61,61.7
"710",2020,97431,48.7,46.4
"711",2021,97431,58.3,59.6
"712",2022,97431,61.4,62
"713",2020,97593,57.3,57.2
"714",2021,97593,55.9,54.6
"715",2020,97602,70.5,64.2
"716",2021,97602,68,66.5
"717",2022,97602,81,74.2
"718",2021,97612,51.3,53.1
"719",2020,97776,52.6,54.2
"720",2021,97776,64.6,66
"721",2022,97776,66.2,66.4
"722",2022,97779,71.9,74.7
"723",2021,97785,52.8,54.5
"724",2022,97785,48.2,48.4
"725",2020,97791,65,65.7
"726",2021,97791,62.4,61.6
"727",2022,97791,66.2,70.6
"728",2020,97800,58.3,56.7
"729",2021,97800,55.1,52.6
"730",2022,97800,58.8,58.8
"731",2020,97855,62.3,62.7
"732",2021,97855,58.8,59.4
"733",2022,97855,62.4,62
"734",2020,97867,72.5,72.1
"735",2021,97867,64.4,64.2
"736",2022,97867,56.8,54.9
"737",2020,98023,72.5,76
"738",2021,98023,60.5,56.8
"739",2022,98023,62.4,61.2
"740",2020,98212,55,55.6
"741",2021,98212,73.9,60
"742",2022,98212,86.1,41.5
"743",2020,98556,55.3,55.3
"744",2021,98556,67.6,66.4
"745",2022,98556,56.6,60.5
"746",2020,98706,57.5,57.6
"747",2021,98706,62.4,61.8
"748",2022,98706,56.6,54.5
"749",2020,98733,55.5,53.9
"750",2021,98733,62.9,60.6
"751",2020,98740,64.6,67.5
"752",2021,98740,54.5,52.4
"753",2020,98748,49.7,48.1
"754",2021,98748,77.6,74.9
"755",2022,98748,67.2,67.2
"756",2020,98750,56.3,55.8
"757",2021,98750,54.6,55.5
"758",2021,98847,70.2,70.3
"759",2022,98847,60,60.3
"760",2022,99130,47.3,57.4
"761",2020,99198,51.8,51.7
"762",2021,99198,64,61.2
"763",2022,99198,60.9,62.5
"764",2020,99206,59.7,57.9
"765",2021,99206,54.8,54.3
"766",2022,99206,63,62.5
"767",2021,99209,80.3,82.3
"768",2022,99209,63,64.2
"769",2021,99214,62.8,63.8
"770",2020,99222,52.2,51.6
"771",2021,99222,71.3,64.4
"772",2022,99222,57.7,55.8
"773",2022,99233,55.3,56.7
"774",2020,99245,56.7,57.1
"775",2021,99245,59.7,60.1
"776",2020,99248,59.7,58.6
"777",2021,99248,59.3,56.7
"778",2022,99248,83.7,83.6
"779",2020,99527,58,55.3
"780",2021,99527,58.8,57.7
"781",2022,99527,69.6,69.7
"782",2020,99531,57.3,56.1
"783",2021,99531,54.7,54.1
"784",2022,99531,59.6,59.5
"785",2020,99534,47.7,56.3
"786",2022,99534,69.9,68.9
"787",2020,99552,53.7,55.7
"788",2021,99552,67,66.7
"789",2022,99552,61.1,56.9
"790",2020,99555,55.7,57.3
"791",2021,99555,68.4,64.8
"792",2022,99555,63.4,63
"793",2020,99564,57,56.7
"794",2021,99564,58.4,58.3
"795",2022,99564,54,52.4
"796",2020,99571,65.4,63.2
"797",2021,99571,51.4,53.1
"798",2022,99571,58.5,59.4
"799",2020,99584,64.2,66
"800",2021,99584,59.3,58.5
"801",2022,99584,60.7,60
"802",2020,99693,70.8,72.9
"803",2021,99693,71.9,71.3
"804",2022,99693,69.5,68.6
"805",2021,99714,81.6,87
"806",2022,99714,47.3,48.5
"807",2020,100230,86.7,83.4
"808",2021,100230,59.1,60
"809",2022,100230,83.3,81.1
"810",2020,100275,61.5,61.1
"811",2021,100275,74.6,75.1
"812",2022,100275,61.7,64
"813",2020,100632,66.2,63.6
"814",2021,100632,84.2,83.3
"815",2022,100632,89.8,90.1
"816",2022,100635,58.3,58.4
"817",2022,100636,53.3,55.2
"818",2022,100642,51.4,53
"819",2020,100644,70.8,68.7
"820",2021,100644,56.3,58.9
"821",2022,100644,65.8,65.9
"822",2020,100647,65.4,65
"823",2021,100647,68,67.9
"824",2020,100660,77.8,69.8
"825",2021,100660,67.5,65.6
"826",2022,100660,80.3,79.6
"827",2020,100867,59,59.9
"828",2021,100867,64.1,63.6
"829",2022,100867,54.3,53.2
"830",2020,100886,55.4,54.7
"831",2021,100886,62.2,62
"832",2022,100886,78.7,78.5
"833",2020,100890,45.5,47
"834",2021,100890,80.9,82.1
"835",2022,100890,72.8,71.9
"836",2020,100894,78,77.8
"837",2021,100894,90.3,90
"838",2022,100894,79,80
"839",2020,101111,60.1,60.3
"840",2021,101111,38.7,45.1
"841",2022,101111,50.3,49.8
"842",2020,101123,60.4,57.6
"843",2021,101123,77.4,77.5
"844",2022,101123,69.9,68.8
"845",2020,101125,70.1,70.4
"846",2021,101125,62.5,64.1
"847",2022,101125,69.2,70.4
"848",2020,101138,60.5,61.2
"849",2022,101138,70.1,70.7
"850",2021,101335,51.9,52.2
"851",2022,101335,56.4,54.9
"852",2020,101350,55.8,56.3
"853",2021,101350,71.4,72.2
"854",2022,101350,69.2,67.6
"855",2020,101351,53.6,53.4
"856",2021,101351,52,51.3
"857",2022,101351,63.5,57.6
"858",2020,101352,53.5,53.4
"859",2021,101352,56.3,57.2
"860",2020,101634,62.3,65
"861",2022,101634,77,77.4
"862",2021,101684,59.1,60.6
"863",2022,101684,64.4,63
"864",2020,101695,71,69.4
"865",2021,101695,57,52.6
"866",2022,101695,74,73.9
"867",2021,101696,46.2,58.2
"868",2022,101696,60.8,63.3
"869",2020,101701,55.5,55.4
"870",2021,101701,81.6,85.1
"871",2020,101706,50.8,49.6
"872",2021,101706,66.8,68.5
"873",2022,101706,73.2,72.4
"874",2020,101711,60.9,60
"875",2021,101711,64.3,64.2
"876",2022,101711,61.3,61.7
"877",2020,101712,62.2,58.7
"878",2022,101712,73.7,50.6
"879",2020,101735,76.6,78.9
"880",2021,101735,91.3,90.9
"881",2021,101738,55.6,56.1
"882",2022,101738,70.6,73.4
"883",2020,102524,65.9,66.6
"884",2021,102524,55.4,53.3
"885",2022,102524,58.4,58.3
"886",2021,102532,45.5,45.1
"887",2022,102532,53.9,54.1
"888",2020,102544,73.1,70.2
"889",2021,102544,60.9,59.6
"890",2020,102567,79.5,79.4
"891",2021,102567,84.2,86.7
"892",2022,102567,79.4,81.3
"893",2020,102587,59.6,62.1
"894",2021,102587,77,78.4
"895",2022,102587,88.6,89.6
"896",2020,102597,78.3,78.8
"897",2021,102597,90.5,90.6
"898",2020,102599,69.9,70.3
"899",2021,102599,58,56.7
"900",2020,102612,55.3,55.4
"901",2021,102612,60.3,62.5
"902",2022,102612,71.4,69.9
"903",2022,102634,55.7,55.6
"904",2021,102637,54.5,53.9
"905",2022,102637,77.8,78.7
"906",2020,102925,62.8,63.2
"907",2021,102925,80.3,80.5
"908",2022,102925,57.3,57.7
"909",2020,102929,66.2,67.7
"910",2021,102929,67.7,68.2
"911",2020,102935,46.1,46.9
"912",2022,102935,49.6,50.4
"913",2020,102956,55.6,57.2
"914",2021,102956,53.4,49.9
"915",2022,102956,53.2,53.2
"916",2021,103728,35.3,49.7
"917",2022,103728,54.7,57.5
"918",2021,103968,74.9,77.9
"919",2022,103968,60.2,59.7
"920",2020,104077,56.8,54.8
"921",2021,104077,53.5,53.3
"922",2022,104077,52,51.6
"923",2021,104083,58.4,59
"924",2021,104106,59.9,61.7
"925",2022,104106,62.7,62.1
"926",2020,104111,63.4,64.4
"927",2021,104111,63.8,63.4
"928",2022,104111,70.1,69.3
"929",2020,104182,57,53.8
"930",2021,104182,66.7,66.4
"931",2022,104182,58.7,59.8
"932",2021,104838,76.8,78.7
"933",2022,104838,57.8,58.5
"934",2020,104915,66.4,64.6
"935",2021,104915,50.7,52.5
"936",2022,104915,68.3,67.7
"937",2020,104919,60.7,64.2
"938",2021,104919,45.2,50.6
"939",2022,104919,59.1,60.4
"940",2020,105057,46.9,47.9
"941",2021,105057,65.1,62.5
"942",2022,105057,64.8,64.5
"943",2020,105693,63,64.1
"944",2021,105693,60,58.9
"945",2022,105693,50.1,51.6
"946",2020,105774,51,50.6
"947",2021,105774,60.8,62.2
"948",2022,105774,69.1,68.8
"949",2021,108535,76.2,78.5
"950",2022,108535,76.9,76.5
"951",2020,109107,55.6,46.5
"952",2021,109107,60.9,66.4
"953",2022,109107,67.4,71.5
"954",2020,109556,65.6,65.8
"955",2021,109556,47.2,46.2
"956",2022,109556,56.8,56.1
"957",2021,109671,53.6,53.4
"958",2022,109671,68.7,68
"959",2020,109748,72.4,71.4
"960",2021,109748,67.3,66.1
"961",2022,109748,67,68.1
"962",2021,109801,73.5,73.6
"963",2022,109801,57.1,57.1
"964",2020,109823,63.9,63.8
"965",2021,109823,74.5,74.2
"966",2022,109823,72,72.2
"967",2021,109829,75.6,76.7
"968",2022,109829,69.4,70.3
"969",2021,109834,55.9,56
"970",2022,109834,61.4,58.7
"971",2020,109850,56.7,58.7
"972",2021,109850,55,54.4
"973",2020,109855,59.9,60.2
"974",2022,109855,59.1,59.3
"975",2021,109863,68.1,66.3
"976",2022,109863,62.5,62.3
"977",2022,109874,56.3,57.2
"978",2021,111283,73,72.3
"979",2022,111283,65.5,63.9
"980",2020,120861,69,70.6
"981",2021,120861,78.7,79.1
"982",2022,120861,68.7,68.8
"983",2021,121466,55.5,55
"984",2022,121466,78.6,75.4
"985",2020,121473,66.9,65.9
"986",2021,121473,62.8,61.8
"987",2022,121473,66.6,69.4
"988",2020,121539,87.8,87.2
"989",2021,121539,65.5,66.5
"990",2022,121539,82,80.7
"991",2020,121645,49.8,50.1
"992",2022,121645,54.8,55.3
"993",2020,121707,65,65.6
"994",2021,121707,54.6,55.3
"995",2020,121708,70,69.3
"996",2021,121708,68.7,71
"997",2022,121708,47.7,47.9
"998",2020,122137,54.2,52.3
"999",2021,122137,51.8,52.1
"1000",2022,122137,54.6,54.8
"1001",2022,122232,53.2,53
"1002",2021,122338,55.4,54.3
"1003",2022,122338,70,66
"1004",2020,122413,53.4,49.6
"1005",2022,122413,70.3,71.9
"1006",2020,122548,56.7,56.7
"1007",2022,122548,63.7,63.1
"1008",2020,122560,53.6,55.7
"1009",2021,122560,51.8,51.6
"1010",2022,122560,70.8,69.8
"1011",2021,122572,55.2,55.5
"1012",2020,122646,74.1,73.3
"1013",2021,122646,63.8,62
"1014",2022,122646,62.8,59.7
"1015",2020,122707,57.6,58.3
"1016",2021,122707,51.5,52.1
"1017",2022,122707,61.1,58.2
"1018",2020,122730,66.3,65.2
"1019",2021,122730,66.4,66.3
"1020",2022,122730,57.2,58.3
"1021",2021,122834,55.4,55.3
"1022",2022,122834,65,63.3
"1023",2020,122902,48.4,55.4
"1024",2021,122902,48.1,47.1
"1025",2022,122902,54.7,55.2
"1026",2020,123000,69.1,70.5
"1027",2021,123000,88.8,88.6
"1028",2022,123000,81.5,82.4
"1029",2020,123063,61.2,60.7
"1030",2021,123063,58.2,54.9
"1031",2020,123112,72.3,71.6
"1032",2021,123112,62.5,62.4
"1033",2022,123112,75.9,77.4
"1034",2020,123153,58.1,58.9
"1035",2021,123153,66.8,67.8
"1036",2022,123153,66.2,65.8
"1037",2022,123215,60.3,61.7
"1038",2022,123302,56.9,56.1
"1039",2020,123410,63.3,60.9
"1040",2021,123410,71.4,67.7
"1041",2022,123410,64,65.1
"1042",2020,123470,64.9,63.5
"1043",2021,123470,79,80.8
"1044",2022,123470,67.6,67.2
"1045",2020,123515,70.7,73.3
"1046",2021,123515,78.2,79
"1047",2022,123515,70.7,68.7
"1048",2021,123555,56.6,57.2
"1049",2022,123555,55,54.9
"1050",2020,123695,56.8,57.1
"1051",2022,123695,65.1,63.7
"1052",2020,123740,53.8,53.7
"1053",2021,123740,65.4,65.6
"1054",2022,123740,67.7,66.7
"1055",2020,123767,73.7,53.4
"1056",2021,123767,47.7,46.4
"1057",2022,123767,54.5,56.2
"1058",2020,123904,54.6,55.2
"1059",2021,123904,73.5,76.3
"1060",2022,123904,72.4,71.9
"1061",2020,123978,79.6,77.9
"1062",2021,123978,72.9,71.9
"1063",2022,123978,55.5,56.4
"1064",2020,123989,63.4,60.8
"1065",2021,123989,76.2,78.8
"1066",2022,123989,69.6,71.1
"1067",2020,124017,62.5,62.4
"1068",2021,124017,70.8,72.1
"1069",2022,124017,71.6,73.6
"1070",2020,124036,57.1,57.4
"1071",2021,124036,43.6,44.7
"1072",2022,124036,66.3,66.7
"1073",2020,124085,58.6,58.3
"1074",2021,124085,53.7,54.8
"1075",2022,124085,67.2,67.1
"1076",2020,124104,62.2,62.7
"1077",2021,124104,64.8,64.9
"1078",2022,124104,54.5,57.4
"1079",2020,124173,55.3,56.5
"1080",2021,124173,58.2,58.8
"1081",2022,124173,76,77.4
"1082",2021,124207,59.5,59.8
"1083",2022,124207,52.2,55.2
"1084",2020,124211,55.9,56.3
"1085",2021,124211,55.2,56.8
"1086",2022,124211,64.3,62.9
"1087",2020,124228,48,50.8
"1088",2021,124228,62.5,56.3
"1089",2022,124228,54.7,54.6
"1090",2020,124250,50.3,50.8
"1091",2021,124250,70.4,69.6
"1092",2022,124250,60.7,60.7
"1093",2021,124269,56.8,58.3
"1094",2020,124303,63.1,66.1
"1095",2021,124303,75.2,76
"1096",2022,124303,72,74.1
"1097",2021,126530,55.8,56.4
"1098",2022,126530,63.2,62.9
"1099",2021,127298,50.8,50.3
"1100",2022,127298,58,57.3
"1101",2022,128216,46.5,48.5
"1102",2020,128232,70.5,70.2
"1103",2021,128232,69,68.9
"1104",2022,128232,78.9,79.9
"1105",2021,129427,79.4,79
"1106",2022,129427,56.9,57.3
"1107",2020,129503,79.6,76.3
"1108",2021,129503,57.2,56.5
"1109",2022,129503,63.8,63
"1110",2020,129524,63.7,63.2
"1111",2021,129524,65.9,65.2
"1112",2022,129524,58.8,58.8
"1113",2020,129552,73.8,72.3
"1114",2021,129552,65.7,66.8
"1115",2022,129552,31.9,46.6
"1116",2021,129638,57.3,57
"1117",2022,129638,60.4,64.6
"1118",2020,129639,64.8,64.7
"1119",2022,129639,65.2,63.8
"1120",2022,129648,55.4,53.1
"1121",2020,129688,58.2,57.8
"1122",2021,129688,55.8,55.6
"1123",2021,129707,60.1,56.6
"1124",2022,129707,59,55.8
"1125",2020,129807,51.8,52.3
"1126",2021,129807,78.1,84.3
"1127",2022,129807,61.7,68
"1128",2020,129857,52.4,53.6
"1129",2021,129857,47.4,47.5
"1130",2022,129857,58.3,57.6
"1131",2020,130313,63.8,62.9
"1132",2021,130313,56.4,56.3
"1133",2022,130313,65.7,65.3
"1134",2020,130321,56.7,56.5
"1135",2022,130321,70.8,71.3
"1136",2022,130373,61.5,61.3
"1137",2020,130513,44.7,44.5
"1138",2021,130513,55.1,54.5
"1139",2022,130513,60.4,62.3
"1140",2020,131606,58.7,58
"1141",2021,131606,69,69.6
"1142",2022,131606,55.1,54
"1143",2022,131670,42.6,48.6
"1144",2021,131671,55.7,57.1
"1145",2022,131671,52.9,54.2
"1146",2020,131692,54.5,53.9
"1147",2021,131692,68.9,67.4
"1148",2022,131692,72.2,72
"1149",2022,131874,46,46.8
"1150",2021,131910,51.4,51.2
"1151",2020,131934,61,60.7
"1152",2021,131934,69.9,72.3
"1153",2022,131934,82.8,83.2
"1154",2020,132437,54.3,51.9
"1155",2021,132437,55.3,56.1
"1156",2022,132437,60.3,59.7
"1157",2020,132453,57.1,57.8
"1158",2022,132453,57.9,59.4
"1159",2020,133220,78.8,79
"1160",2021,133220,72.8,73.5
"1161",2022,133220,70,71.3
"1162",2020,136888,57.5,59.2
"1163",2021,136888,87.9,88.4
"1164",2022,136888,68.8,68.8
"1165",2020,138286,57.3,57.4
"1166",2020,138470,85.1,85.7
"1167",2021,138470,79.5,81.8
"1168",2022,138470,71.7,74.5
"1169",2020,138481,62.1,61.8
"1170",2021,138481,74.5,73.6
"1171",2022,138481,53,52.8
"1172",2020,138482,73.9,73.1
"1173",2021,138482,59.5,59
"1174",2022,138482,59.4,59
"1175",2021,138516,52.3,52.6
"1176",2022,138516,55.3,53.7
"1177",2020,139413,59.1,59.9
"1178",2022,139413,83.6,81.6
"1179",2020,139419,72.4,72.4
"1180",2021,139419,51,53.5
"1181",2022,139419,58,59.3
"1182",2020,141304,58.5,59.5
"1183",2021,141304,69.4,69.8
"1184",2022,141304,68.5,69.4
"1185",2021,141663,56.3,55.9
"1186",2022,141663,51.6,51.5
"1187",2020,141733,52.3,54.7
"1188",2021,141733,61.9,61.3
"1189",2022,141733,55.8,56
"1190",2020,141754,61.7,57.1
"1191",2022,141754,62.3,61.7
"1192",2020,141919,62,64.3
"1193",2021,141919,59.8,59.9
"1194",2022,141919,62.8,63.5
"1195",2020,142605,68.9,68.3
"1196",2021,142605,62,62.7
"1197",2021,143094,58.3,58.4
"1198",2022,143894,58,57.1
"1199",2022,144255,63.5,62.9
"1200",2021,144350,55.7,56.6
"1201",2022,144350,66,58.9
"1202",2021,144464,59.6,58.7
"1203",2022,144464,66.4,66.8
"1204",2021,144468,54.8,54.6
"1205",2022,144468,68,67.3
"1206",2021,144588,60.8,61.1
"1207",2022,144588,78.6,79.5
"1208",2021,144620,77.9,79.2
"1209",2022,144620,61.8,63.8
"1210",2021,144621,72.4,70.3
"1211",2022,144621,53.2,53
"1212",2022,144831,53.4,54.1
"1213",2021,145033,44,44.3
"1214",2022,145033,74.7,73.2
"1215",2020,145344,58.1,56
"1216",2021,145344,71.2,70.5
"1217",2022,145344,81.8,82.2
"1218",2021,145355,50.3,49.7
"1219",2022,145355,62.7,62.4
"1220",2021,145598,77.4,78.2
"1221",2022,145598,73.3,73.8
"1222",2021,145756,63.5,63.4
"1223",2022,145756,59.7,58.5
"1224",2021,146058,55.7,55.5
"1225",2022,146058,53.7,53.9
"1226",2021,146100,60.4,57.2
"1227",2022,146100,51.5,55.2
"1228",2022,146167,47.7,49.7
"1229",2022,146268,57.2,56.4
"1230",2022,146279,56,53.2
"1231",2022,146327,70.5,70.2
"1232",2021,146387,49.6,48.2
"1233",2022,146387,59,59.5
"1234",2021,146413,61.3,61.5
"1235",2022,146413,65.9,64.9
"1236",2021,146591,70,69.6
"1237",2022,146591,55.4,55.5
"1238",2021,146842,55.9,56.8
"1239",2022,146842,49.6,50.7
"1240",2021,146930,51.7,53.6
"1241",2022,146930,53.1,52.2
"1242",2021,147261,60.1,59.4
"1243",2021,147305,69.4,58.6
"1244",2022,147305,54.2,53.6
"1245",2021,147601,67,58.1
"1246",2021,147647,57.5,59.2
"1247",2022,147647,58,58.3
"1248",2022,147732,52.2,54.4
"1249",2021,148448,69.3,65.8
"1250",2022,148448,70.3,69.9
"1251",2021,148905,68.5,68.1
"1252",2022,148905,74.9,76
"1253",2021,149586,71,71.2
"1254",2022,149586,72.8,71.7
"1255",2021,149931,72.1,70.5
"1256",2022,149931,41.1,42.6
"1257",2021,150922,55.3,55.6
"1258",2022,150922,55.1,54.8
"1259",2021,151095,48.3,49.3
"1260",2021,151787,55.1,54.9
"1261",2022,151787,56,56
"1262",2021,152307,59.2,60.9
"1263",2022,152307,76.3,75.6
"1264",2021,152998,69.4,69.5
"1265",2022,152998,57.7,59
"1266",2021,154621,74.8,56.5
"1267",2022,154621,65.4,64.6
"1268",2022,154700,63.4,59.9
"1269",2021,154799,58.7,58.5
"1270",2022,154799,49.7,49.3
"1271",2021,155569,55.7,56.3
"1272",2022,155569,59,59.9
"1273",2021,155624,76.5,75.7
"1274",2022,155624,55.6,54.9
"1275",2020,158639,68.1,68.9
"1276",2021,158639,56.8,57.7
"1277",2022,158639,57.6,54.2
"1278",2021,163991,58.3,59.5
"1279",2022,163991,59.2,54.8
"1280",2020,165155,59.1,59.9
"1281",2021,165155,58,59.4
"1282",2022,165155,51.1,51.3
"1283",2021,167127,54.6,54.3
"1284",2022,167127,55,54.7
